timestamp,load_cost,prod_price,pv_forecast,pv_actual,load_forecast,load_actual
2026-05-31 00:00:00,0.251,0.151,0.0,0.0,215.27778333333333,266.82375263704085
2026-05-31 00:05:00,0.251,0.151,0.0,0.0,219.88095714285714,175.83729462375175
2026-05-31 00:10:00,0.251,0.151,0.0,0.0,222.5520875,257.03591901742277
2026-05-31 00:15:00,0.2506,0.1506,0.0,0.0,223.9351888888889,262.5502616668544
2026-05-31 00:20:00,0.2506,0.1506,0.0,0.0,221.41667,175.66636152869887
2026-05-31 00:25:00,0.2506,0.1506,0.0,0.0,219.16667272727273,285.2886841225809
2026-05-31 00:30:00,0.25,0.15,0.0,0.0,216.6170666666667,171.2672312666519
2026-05-31 00:35:00,0.25,0.15,0.0,0.0,210.78373333333334,241.68430569907383
2026-05-31 00:40:00,0.25,0.15,0.0,0.0,204.39484166666668,286.6414679536275
2026-05-31 00:45:00,0.2483,0.1483,0.0,0.0,202.8670666666667,178.6159908839706
2026-05-31 00:50:00,0.2483,0.1483,0.0,0.0,200.07076666666669,233.60998530531032
2026-05-31 00:55:00,0.2483,0.1483,0.0,0.0,196.50594999999998,241.80955218558034
2026-05-31 01:00:00,0.2483,0.1483,0.0,0.0,190.95039166666666,226.93940302055478
2026-05-31 01:05:00,0.2483,0.1483,0.0,0.0,183.658725,245.7432114514167
2026-05-31 01:10:00,0.2483,0.1483,0.0,0.0,177.12598333333335,222.37031660513645
2026-05-31 01:15:00,0.2457,0.1457,0.0,0.0,175.87598333333335,193.3208944708023
2026-05-31 01:20:00,0.2457,0.1457,0.0,0.0,178.8968166666667,156.1935649752176
2026-05-31 01:25:00,0.2457,0.1457,0.0,0.0,182.29959166666666,178.05281564724677
2026-05-31 01:30:00,0.2457,0.1457,0.0,0.0,184.50197500000002,193.94024948528534
2026-05-31 01:35:00,0.2457,0.1457,0.0,0.0,184.64086666666665,259.2988576436079
2026-05-31 01:40:00,0.2457,0.1457,0.0,0.0,185.6726166666667,224.19199709554238
2026-05-31 01:45:00,0.2457,0.1457,0.0,0.0,187.33928333333333,173.80151153474722
2026-05-31 01:50:00,0.2457,0.1457,0.0,0.0,188.00594999999998,214.92096690878287
2026-05-31 01:55:00,0.2457,0.1457,0.0,0.0,187.17261666666664,210.8215501912549
2026-05-31 02:00:00,0.2457,0.1457,0.0,0.0,187.728175,216.5729734055265
2026-05-31 02:05:00,0.2457,0.1457,0.0,0.0,187.728175,250.7296541137333
2026-05-31 02:10:00,0.2457,0.1457,0.0,0.0,188.15675,194.7687349438027
2026-05-31 02:15:00,0.2457,0.1457,0.0,0.0,185.24008333333333,205.4180504066117
2026-05-31 02:20:00,0.2457,0.1457,0.0,0.0,180.65675,234.8248786402296
2026-05-31 02:25:00,0.2457,0.1457,0.0,0.0,180.62699166666667,157.6660006141668
2026-05-31 02:30:00,0.2457,0.1457,0.0,0.0,188.54365833333335,210.89770989330788
2026-05-31 02:35:00,0.2457,0.1457,0.0,0.0,200.2381,262.8265948616613
2026-05-31 02:40:00,0.2457,0.1457,0.0,0.0,212.59524166666668,291.60021634253553
2026-05-31 02:45:00,0.2457,0.1457,0.0,0.0,223.01190833333337,170.54597508146134
2026-05-31 02:50:00,0.2457,0.1457,0.0,0.0,229.4008,235.96884100728727
2026-05-31 02:55:00,0.2457,0.1457,0.0,0.0,237.73413333333335,244.09132386361114
2026-05-31 03:00:00,0.245,0.145,0.0,0.0,244.67857500000002,256.6241106251289
2026-05-31 03:05:00,0.245,0.145,0.0,0.0,251.51190833333337,293.6008521908389
2026-05-31 03:10:00,0.245,0.145,0.0,0.0,257.178575,196.66184166337254
2026-05-31 03:15:00,0.2395,0.1395,0.0,0.0,260.928575,175.64848812801773
2026-05-31 03:20:00,0.2395,0.1395,0.0,0.0,266.76190833333334,243.5364607101289
2026-05-31 03:25:00,0.2395,0.1395,0.0,0.0,268.0416666666667,277.18224972059346
2026-05-31 03:30:00,0.234,0.134,0.0,0.0,262.625,295.10272595712433
2026-05-31 03:35:00,0.234,0.134,0.0,0.0,256.625,228.5478186052257
2026-05-31 03:40:00,0.234,0.134,0.0,0.0,253.95833333333334,164.5385238295699
2026-05-31 03:45:00,0.2371,0.1371,0.0,0.0,254.51389166666664,293.1421988914907
2026-05-31 03:50:00,0.2371,0.1371,0.0,0.0,259.4583333333333,272.4620048347307
2026-05-31 03:55:00,0.2371,0.1371,0.0,0.0,263.0694416666667,234.00966750768384
2026-05-31 04:00:00,0.2382,0.1382,0.0,0.0,266.125,154.8095016204579
2026-05-31 04:05:00,0.2382,0.1382,0.0,0.0,265.9583333333333,263.9927843540138
2026-05-31 04:10:00,0.2382,0.1382,0.0,0.0,265.875,179.745075903766
2026-05-31 04:15:00,0.2373,0.1373,0.0,0.0,266.2083333333333,257.8062030123396
2026-05-31 04:20:00,0.2373,0.1373,0.0,0.0,264.5416666666667,244.8063505092303
2026-05-31 04:25:00,0.2373,0.1373,0.0,0.0,262.38889166666667,279.1785660929104
2026-05-31 04:30:00,0.245,0.145,0.0,0.0,260.63889166666667,211.59703031622982
2026-05-31 04:35:00,0.245,0.145,0.0,0.0,258.972225,223.25916194472325
2026-05-31 04:40:00,0.245,0.145,0.0,0.0,253.52778333333333,241.33988278069745
2026-05-31 04:45:00,0.2359,0.1359,0.0,0.0,245.75,283.6760634833198
2026-05-31 04:50:00,0.2359,0.1359,0.0,0.0,239.69444166666668,277.5572456938794
2026-05-31 04:55:00,0.2359,0.1359,0.0,0.0,239.1833333333333,176.48639123346433
2026-05-31 05:00:00,0.2397,0.1397,0.0,0.0,241.40555833333335,257.67108924950793
2026-05-31 05:05:00,0.2397,0.1397,0.0,0.0,245.4333333333333,187.5636876601944
2026-05-31 05:10:00,0.2397,0.1397,0.0,0.0,249.6,279.15194277140307
2026-05-31 05:15:00,0.2341,0.1341,0.0,0.0,250.79444166666667,286.99414238258566
2026-05-31 05:20:00,0.2341,0.1341,0.0,0.0,249.752775,156.0536774549918
2026-05-31 05:25:00,0.2341,0.1341,0.0,0.0,252.66944166666667,159.70842917653573
2026-05-31 05:30:00,0.2327,0.1327,0.0,0.0,258.52658333333335,212.28618229848522
2026-05-31 05:35:00,0.2327,0.1327,39.1547,0.0,333.1099166666667,291.41588712833686
2026-05-31 05:40:00,0.2327,0.1327,74.5504,0.0,471.44325,206.60427760663978
2026-05-31 05:45:00,0.2245,0.1245,109.1317,0.0,665.2488083333333,212.73435085065964
2026-05-31 05:50:00,0.2245,0.1245,142.6996,20.4848,920.9895500000001,247.0616488570634
2026-05-31 05:55:00,0.2245,0.1245,175.0554,21.8333,1197.2877,210.7827587099147
2026-05-31 06:00:00,0.229,0.129,206.0,38.6667,1489.4821416666666,168.07459107393387
2026-05-31 06:05:00,0.229,0.129,235.655,81.25,1579.8062166666668,161.48306806559128
2026-05-31 06:10:00,0.229,0.129,264.3541,121.875,1578.8339916666666,171.68315312822358
2026-05-31 06:15:00,0.2274,0.1274,292.2165,163.375,1580.269183333333,227.86912561039674
2026-05-31 06:20:00,0.2274,0.1274,319.3614,200.8,1584.1812166666666,204.0872806279583
2026-05-31 06:25:00,0.2274,0.1274,345.9081,265.375,1584.5423250000001,287.95030265390784
2026-05-31 06:30:00,0.2165,0.1165,371.9757,324.8,1581.3280416666666,155.66756283483065
2026-05-31 06:35:00,0.2165,0.1165,397.6836,397.625,1506.7447083333334,164.62379518158858
2026-05-31 06:40:00,0.2165,0.1165,423.151,443.7,1363.5701,216.58549524850173
2026-05-31 06:45:00,0.2125,0.1125,448.4971,495.9,1162.8201,284.3787727460517
2026-05-31 06:50:00,0.2125,0.1125,473.8411,548.8571,897.8200999999999,198.79055351891304
2026-05-31 06:55:00,0.2125,0.1125,499.3024,623.6,606.3386166666666,250.82924925213229
2026-05-31 07:00:00,0.2155,0.1155,525.0,695.3,299.25528333333335,184.2986741062153
2026-05-31 07:05:00,0.2155,0.1155,550.8425,747.3333,195.82935833333332,240.63735728803795
2026-05-31 07:10:00,0.2155,0.1155,576.6428,829.7143,196.48015833333332,227.35365312522538
2026-05-31 07:15:00,0.2119,0.1119,602.3766,885.0,184.90608333333333,267.6080156650519
2026-05-31 07:20:00,0.2119,0.1119,628.0197,951.0,185.48571666666666,179.59372560226825
2026-05-31 07:25:00,0.2119,0.1119,653.548,1032.3333,182.35029999999998,169.54548988422607
2026-05-31 07:30:00,0.245,0.145,678.9373,1098.3,175.29077499999997,1755.9348253756145
2026-05-31 07:35:00,0.245,0.145,704.1635,1179.2857,176.85559166666667,1669.8849253067367
2026-05-31 07:40:00,0.245,0.145,729.2022,1277.5,177.71538333333334,1766.6267341368198
2026-05-31 07:45:00,0.225,0.125,754.0294,1367.4,178.52371666666667,1722.852547852669
2026-05-31 07:50:00,0.225,0.125,778.6209,1457.5556,178.24594166666665,1792.0533389894886
2026-05-31 07:55:00,0.225,0.125,802.9525,1551.1,178.72213333333332,1688.5201039248132
2026-05-31 08:00:00,0.2243,0.1243,827.0,1630.5,178.47213333333332,1657.5439729235723
2026-05-31 08:05:00,0.2243,0.1243,850.8932,1691.1111,176.81704166666665,1762.2095182243593
2026-05-31 08:10:00,0.2243,0.1243,874.7447,1780.0,162.76346666666666,1701.8785810934655
2026-05-31 08:15:00,0.2457,0.1457,898.5047,1857.9,162.022725,1719.553512193057
2026-05-31 08:20:00,0.2457,0.1457,922.1233,1921.0,149.90605833333333,1677.463430450629
2026-05-31 08:25:00,0.2457,0.1457,945.5507,2010.5556,141.603975,1754.5116421204011
2026-05-31 08:30:00,0.2309,0.1309,968.737,2089.3,136.52064166666665,1681.712664147863
2026-05-31 08:35:00,0.2309,0.1309,991.6324,2176.8889,126.53915833333333,260.8345406978001
2026-05-31 08:40:00,0.2309,0.1309,1014.1869,2243.8889,123.92341666666665,160.30520817804216
2026-05-31 08:45:00,0.2195,0.1195,1036.3508,2316.3,126.76091666666666,177.46765505295457
2026-05-31 08:50:00,0.2195,0.1195,1058.0742,2426.7778,132.85350833333334,229.11149466573255
2026-05-31 08:55:00,0.2195,0.1195,1079.3072,2509.5,145.9689833333333,178.12091125520845
2026-05-31 09:00:00,0.245,0.145,1100.0,2595.2,148.05231666666666,271.9800253551987
2026-05-31 09:05:00,0.245,0.145,1120.4967,2668.8,149.0340833333333,264.49569320908245
2026-05-31 09:10:00,0.245,0.145,1141.0838,2722.6667,158.76556666666667,243.5574620742778
2026-05-31 09:15:00,0.2174,0.1174,1161.6254,2762.5,176.71998333333332,258.89851202509567
2026-05-31 09:20:00,0.2174,0.1174,1181.9854,2829.2,182.59498333333332,248.1922183022391
2026-05-31 09:25:00,0.2174,0.1174,1202.0277,2876.3333,189.63248333333334,237.01976843546817
2026-05-31 09:30:00,0.2144,0.1144,1221.6163,2967.3,198.2880416666667,244.78342077788398
2026-05-31 09:35:00,0.2144,0.1144,1240.6151,3021.1111,206.0849166666667,167.49046917495394
2026-05-31 09:40:00,0.2144,0.1144,1258.888,3072.8889,211.15109166666664,217.92254911544813
2026-05-31 09:45:00,0.2,0.1,1276.299,3104.8,211.54313333333334,289.71153965216826
2026-05-31 09:50:00,0.2,0.1,1292.7121,3169.3,212.256675,198.83752949169252
2026-05-31 09:55:00,0.2,0.1,1307.9911,3219.0,211.60771666666668,211.7253773615201
2026-05-31 10:00:00,0.162,0.062,1322.0,3261.6667,221.61327500000002,245.29206949760066
2026-05-31 10:05:00,0.162,0.062,1335.2807,3331.5,233.30114999999998,288.7669557854449
2026-05-31 10:10:00,0.162,0.062,1348.3949,3367.7778,235.136975,159.29492342015016
2026-05-31 10:15:00,0.159,0.059,1361.2364,3411.1,220.98083333333332,190.24301429235328
2026-05-31 10:20:00,0.159,0.059,1373.6988,3467.8,222.08083333333335,257.4676884190208
2026-05-31 10:25:00,0.159,0.059,1385.6759,3505.1111,221.369725,220.3069800875195
2026-05-31 10:30:00,0.144,0.044,1397.0614,3497.7778,221.14869166666665,151.76496762265415
2026-05-31 10:35:00,0.144,0.044,1407.7491,3552.6,218.969875,194.39435385420626
2026-05-31 10:40:00,0.144,0.044,1417.6326,3679.4444,216.80995,221.71104273915194
2026-05-31 10:45:00,0.135,0.035,1426.6057,3692.3,215.91096666666667,183.3146485114588
2026-05-31 10:50:00,0.135,0.035,1434.5622,3767.8889,214.52149999999997,187.5696943085295
2026-05-31 10:55:00,0.135,0.035,1441.3957,3801.8889,209.22879166666667,286.89082475333385
2026-05-31 11:00:00,0.133,0.033,1447.0,3790.1111,202.69545833333333,276.04377813514697
2026-05-31 11:05:00,0.133,0.033,1451.9303,3797.0,197.11104166666667,259.0107309508955
2026-05-31 11:10:00,0.133,0.033,1456.7698,3832.3333,196.9187333333333,154.39153060530384
2026-05-31 11:15:00,0.143,0.043,1461.4541,3886.9,202.97925,189.44271533832048
2026-05-31 11:20:00,0.143,0.043,1465.9187,3880.9,216.94364166666665,156.51240140763
2026-05-31 11:25:00,0.143,0.043,1470.0993,3887.1111,226.35236666666665,205.72931545166693
2026-05-31 11:30:00,0.1394,0.0394,1473.9314,3928.0,233.126175,1713.5187059638151
2026-05-31 11:35:00,0.1394,0.0394,1477.3507,3944.125,241.86417499999996,1669.5485044190668
2026-05-31 11:40:00,0.1394,0.0394,1480.2927,3981.8889,251.49364166666666,1668.8550827835302
2026-05-31 11:45:00,0.135,0.035,1482.693,4016.6,261.4499916666667,1715.7286429294268
2026-05-31 11:50:00,0.135,0.035,1484.4873,4036.4,270.5728833333333,1747.4439469713998
2026-05-31 11:55:00,0.135,0.035,1485.6111,4043.5556,277.967325,1732.6924461042797
2026-05-31 12:00:00,0.1383,0.0382,1486.0,4022.5,286.84125,4180.271156412446
2026-05-31 12:05:00,0.1383,0.0382,1485.4353,4042.3,296.52685833333334,4213.678473608585
2026-05-31 12:10:00,0.1383,0.0382,1483.8278,4077.9,301.38994999999994,4186.227197148381
2026-05-31 12:15:00,0.1378,0.0378,1481.3075,4114.1111,303.7740333333333,4282.549183148514
2026-05-31 12:20:00,0.1378,0.0378,1478.0044,4095.1,296.20643333333334,4266.151138485023
2026-05-31 12:25:00,0.1378,0.0378,1474.0485,4078.1,300.39690833333333,4172.339381710355
2026-05-31 12:30:00,0.1375,0.0375,1469.5699,4081.0,306.5983,4172.266867989057
2026-05-31 12:35:00,0.1375,0.0375,1464.6985,4095.4444,311.60762500000004,4160.815570023632
2026-05-31 12:40:00,0.1375,0.0375,1459.5643,4102.7,312.4148583333333,4242.734185008623
2026-05-31 12:45:00,0.1368,0.0368,1454.2974,4111.4444,314.52795,4299.614591120013
2026-05-31 12:50:00,0.1368,0.0368,1449.0277,4125.8,320.86987500000004,4193.434663793595
2026-05-31 12:55:00,0.1368,0.0368,1443.8852,4124.5,320.69081666666665,4204.99663884962
2026-05-31 13:00:00,0.138,0.038,1439.0,4116.5556,318.47660833333333,4196.565031323111
2026-05-31 13:05:00,0.138,0.038,1434.1551,4127.3,313.53910833333333,1760.4558080707209
2026-05-31 13:10:00,0.138,0.038,1429.0585,4118.1,308.91086666666666,1722.285342377111
2026-05-31 13:15:00,0.1368,0.0368,1423.7272,4113.25,306.01984166666665,1734.5045527106977
2026-05-31 13:20:00,0.1368,0.0368,1418.1782,4108.375,307.1397166666667,1781.7524668589976
2026-05-31 13:25:00,0.1368,0.0368,1412.4287,4095.9,296.7599583333333,1684.2168128155613
2026-05-31 13:30:00,0.1378,0.0378,1406.4956,4079.125,296.1194666666667,1687.2419312368647
2026-05-31 13:35:00,0.1378,0.0378,1400.3962,4080.7,299.89694166666663,207.55367322154763
2026-05-31 13:40:00,0.1378,0.0378,1394.1474,4047.3,303.43732500000004,158.72722775818553
2026-05-31 13:45:00,0.1362,0.0362,1387.7663,4007.0,315.16946666666666,282.34518595554687
2026-05-31 13:50:00,0.1362,0.0362,1381.27,4005.2222,321.8228833333333,292.99590215321984
2026-05-31 13:55:00,0.1362,0.0362,1374.6755,4001.8889,335.8075,194.8437657778219
2026-05-31 14:00:00,0.134,0.034,1368.0,3946.3333,342.97859166666666,262.17066739185634
2026-05-31 14:05:00,0.134,0.034,1361.3016,3953.4,340.0351416666667,212.4231669070722
2026-05-31 14:10:00,0.134,0.034,1354.5914,3932.6667,341.977375,214.36430106751217
2026-05-31 14:15:00,0.1355,0.0355,1347.8155,3872.2,344.81070833333337,171.4160886678658
2026-05-31 14:20:00,0.1355,0.0355,1340.9201,3880.5556,340.802375,253.5741036511851
2026-05-31 14:25:00,0.1355,0.0355,1333.8514,3843.5,342.7357083333334,174.12929500145657
2026-05-31 14:30:00,0.135,0.035,1326.5557,3752.4444,335.05675,217.70451592167706
2026-05-31 14:35:00,0.135,0.035,1318.9791,3691.5556,321.32222499999995,250.4083534894002
2026-05-31 14:40:00,0.135,0.035,1311.0678,3640.2,315.9957083333333,268.05914213072134
2026-05-31 14:45:00,0.135,0.035,1302.7681,3546.3,303.91356666666667,251.26345816983002
2026-05-31 14:50:00,0.135,0.035,1294.026,3569.5556,292.63035,274.06067681203564
2026-05-31 14:55:00,0.135,0.035,1284.788,3595.125,280.78035,264.2935610175918
2026-05-31 15:00:00,0.1145,0.0145,1275.0,3523.5,273.91670833333336,250.13335035495223
2026-05-31 15:05:00,0.1145,0.0145,1264.3091,3501.7143,276.98932499999995,231.48713625991147
2026-05-31 15:10:00,0.1145,0.0145,1252.4885,3466.3,275.70113333333336,227.7669694099788
2026-05-31 15:15:00,0.1145,0.0145,1239.6738,3337.1,275.1428,188.5309917482255
2026-05-31 15:20:00,0.1145,0.0145,1226.0009,3322.8889,276.6178,283.4066603069746
2026-05-31 15:25:00,0.1145,0.0145,1211.6053,3330.4,277.0622416666667,230.0431915099293
2026-05-31 15:30:00,0.116,0.016,1196.6227,3286.5037,277.583075,265.98047423945036
2026-05-31 15:35:00,0.116,0.016,1181.1889,3242.6074,278.45504166666666,181.92273876141869
2026-05-31 15:40:00,0.116,0.016,1165.4395,3198.7111,274.6528583333333,210.23122656193536
2026-05-31 15:45:00,0.119,0.019,1149.5103,3154.8148,268.044525,268.6047923472256
2026-05-31 15:50:00,0.119,0.019,1133.5368,3110.9185,263.20487499999996,257.5474799214496
2026-05-31 15:55:00,0.119,0.019,1117.6548,3067.0222,262.0079083333333,246.95048163799203
2026-05-31 16:00:00,0.14,0.04,1102.0,3023.1259,263.57446666666664,166.5123340802783
2026-05-31 16:05:00,0.14,0.04,1086.4195,2979.2296,265.4522416666667,171.61394691083837
2026-05-31 16:10:00,0.14,0.04,1070.6627,2935.3333,265.12287499999996,286.8373567364995
2026-05-31 16:15:00,0.135,0.035,1054.7188,2837.3333,259.40343333333334,296.3962124425598
2026-05-31 16:20:00,0.135,0.035,1038.5768,2821.5714,253.68676666666667,264.55246118398026
2026-05-31 16:25:00,0.135,0.035,1022.2257,2756.1,247.08399166666666,247.81341349226608
2026-05-31 16:30:00,0.155,0.055,1005.6548,2742.8,240.09325,218.53784135935564
2026-05-31 16:35:00,0.155,0.055,988.853,2691.25,234.2462833333333,224.59402254885515
2026-05-31 16:40:00,0.155,0.055,971.8095,2594.6,226.50301666666667,256.39928569519066
2026-05-31 16:45:00,0.17,0.07,954.5134,2529.0,222.96968333333334,290.9399717424604
2026-05-31 16:50:00,0.17,0.07,936.9537,2474.0,217.37524166666665,245.20569230140046
2026-05-31 16:55:00,0.17,0.07,919.1195,2416.1111,205.89165,194.10400023453664
2026-05-31 17:00:00,0.1762,0.0762,901.0,2366.5,196.6357,273.96901522234623
2026-05-31 17:05:00,0.1762,0.0762,882.5907,2277.6667,194.14495833333334,289.9922009669174
2026-05-31 17:10:00,0.1762,0.0762,863.8914,2213.0,199.5021,217.1509489569878
2026-05-31 17:15:00,0.2002,0.1002,844.898,2141.1,200.44654166666666,213.33636002951252
2026-05-31 17:20:00,0.2002,0.1002,825.6059,2069.2,199.5382083333333,158.7142146955035
2026-05-31 17:25:00,0.2002,0.1002,806.011,1982.5714,194.42570833333332,170.33605133991765
2026-05-31 17:30:00,0.2076,0.1076,786.1087,1923.4444,191.482425,210.4432807616044
2026-05-31 17:35:00,0.2076,0.1076,765.8949,1851.25,189.7065,166.5445108305127
2026-05-31 17:40:00,0.2076,0.1076,745.3652,1791.5,190.07846666666669,283.7930772036794
2026-05-31 17:45:00,0.216,0.116,724.5152,1723.1,186.084025,256.6778542522562
2026-05-31 17:50:00,0.216,0.116,703.3405,1648.5,183.109025,162.74725339381826
2026-05-31 17:55:00,0.216,0.116,681.8369,1579.0,181.35625000000002,284.3541746254345
2026-05-31 18:00:00,0.2137,0.1137,660.0,1522.5,178.76365833333332,231.30289642637763
2026-05-31 18:05:00,0.2137,0.1137,637.2437,1419.8,169.55162500000003,210.85297644250994
2026-05-31 18:10:00,0.2137,0.1137,613.1874,1314.5556,154.05162500000003,293.0545577674797
2026-05-31 18:15:00,0.2217,0.1217,588.1351,1236.6667,150.27385,231.71274723918734
2026-05-31 18:20:00,0.2217,0.1217,562.3908,1157.0,149.84051666666667,203.3986952782441
2026-05-31 18:25:00,0.2217,0.1217,536.2584,1094.875,154.1807916666667,248.4320253926538
2026-05-31 18:30:00,0.2457,0.1457,510.042,1008.6,156.78148333333334,169.2249124096054
2026-05-31 18:35:00,0.2457,0.1457,484.0454,936.625,157.58704166666666,196.1252110258173
2026-05-31 18:40:00,0.2457,0.1457,458.5727,842.0,155.56204166666666,192.96378442674302
2026-05-31 18:45:00,0.2483,0.1483,433.9279,743.8,154.10648333333333,196.1434167889016
2026-05-31 18:50:00,0.2483,0.1483,410.4148,726.4,152.375,201.37706911083046
2026-05-31 18:55:00,0.2483,0.1483,388.3375,681.1111,152.1,209.99697158228543
2026-05-31 19:00:00,0.2457,0.1457,368.0,613.1111,153.60925833333332,1738.9242175386464
2026-05-31 19:05:00,0.2457,0.1457,349.3638,544.4,159.28425833333333,1687.9801353382259
2026-05-31 19:10:00,0.2457,0.1457,332.0218,445.0,161.86759166666664,1799.374332732527
2026-05-31 19:15:00,0.2495,0.1495,315.725,278.5,159.9787,1704.369144916163
2026-05-31 19:20:00,0.2495,0.1495,300.2244,220.1111,153.3287,1655.15075250345
2026-05-31 19:25:00,0.2495,0.1495,285.271,180.0,144.09259166666666,1651.0651878971637
2026-05-31 19:30:00,0.2557,0.1557,270.6157,145.2857,142.0544,4684.5140271085875
2026-05-31 19:35:00,0.2557,0.1557,256.0096,117.625,144.64699166666665,4756.80597839781
2026-05-31 19:40:00,0.2557,0.1557,241.2035,88.4286,149.30949166666667,4789.484118180293
2026-05-31 19:45:00,0.2609,0.1609,225.9486,84.3333,154.417825,4688.8406974482405
2026-05-31 19:50:00,0.2609,0.1609,209.9957,80.4286,154.565975,4779.884156977835
2026-05-31 19:55:00,0.2609,0.1609,193.0958,56.0,153.60764166666667,4715.77224570826
2026-05-31 20:00:00,0.256,0.156,175.0,35.75,149.81134166666666,4664.398821050077
2026-05-31 20:05:00,0.256,0.156,155.7243,24.75,143.144675,4769.094684466918
2026-05-31 20:10:00,0.256,0.156,135.505,0.0,139.22800833333335,4710.947995978012
2026-05-31 20:15:00,0.2577,0.1577,114.4239,0.0,137.95023333333333,4712.063598273282
2026-05-31 20:20:00,0.2577,0.1577,92.5624,0.0,139.20023333333333,4724.6922781543535
2026-05-31 20:25:00,0.2577,0.1577,70.0021,0.0,143.43634166666666,4705.454236762408
2026-05-31 20:30:00,0.267,0.167,46.8247,0.0,143.988425,4651.942162060444
2026-05-31 20:35:00,0.267,0.167,23.1116,0.0,141.07175833333335,1758.005368386699
2026-05-31 20:40:00,0.267,0.167,0.0,0.0,140.75925833333335,1753.8009151878796
2026-05-31 20:45:00,0.2692,0.1692,0.0,0.0,143.050925,1726.4523938040365
2026-05-31 20:50:00,0.2692,0.1692,0.0,0.0,150.63425833333335,1721.3237544633203
2026-05-31 20:55:00,0.2692,0.1692,0.0,0.0,159.09259166666666,1797.98654363855
2026-05-31 21:00:00,0.2657,0.1657,0.0,0.0,167.472225,1715.9851723712036
2026-05-31 21:05:00,0.2657,0.1657,0.0,0.0,171.08333333333334,186.54348094278276
2026-05-31 21:10:00,0.2657,0.1657,0.0,0.0,179.47916666666666,292.389803780683
2026-05-31 21:15:00,0.263,0.163,0.0,0.0,245.75694166666668,179.75057043229023
2026-05-31 21:20:00,0.263,0.163,0.0,0.0,264.36805,189.14562753710186
2026-05-31 21:25:00,0.263,0.163,0.0,0.0,286.590275,253.04630856433755
2026-05-31 21:30:00,0.261,0.161,0.0,0.0,303.04860833333333,1741.8528194874425
2026-05-31 21:35:00,0.261,0.161,0.0,0.0,318.38590833333336,1728.4211209415625
2026-05-31 21:40:00,0.261,0.161,0.0,0.0,329.115075,1772.4338768714913
2026-05-31 21:45:00,0.2557,0.1557,0.0,0.0,335.365075,1797.9100137003188
2026-05-31 21:50:00,0.2557,0.1557,0.0,0.0,344.7817416666667,1686.4855998599437
2026-05-31 21:55:00,0.2557,0.1557,0.0,0.0,353.32340833333336,1692.1521738725964
2026-05-31 22:00:00,0.2685,0.1685,0.0,0.0,363.3829333333333,1732.0475164064535
2026-05-31 22:05:00,0.2685,0.1685,0.0,0.0,386.4384916666666,1749.9405267027519
2026-05-31 22:10:00,0.2685,0.1685,0.0,0.0,402.3759916666666,1664.016370649543
2026-05-31 22:15:00,0.2605,0.1605,0.0,0.0,360.959325,1713.542707588897
2026-05-31 22:20:00,0.2605,0.1605,0.0,0.0,373.01488333333333,1677.6811975640537
2026-05-31 22:25:00,0.2605,0.1605,0.0,0.0,385.51488333333333,1706.7683659750494
2026-05-31 22:30:00,0.2557,0.1557,0.0,0.0,403.74405,1682.4641066977733
2026-05-31 22:35:00,0.2557,0.1557,0.0,0.0,422.22155833333335,1651.2315121216034
2026-05-31 22:40:00,0.2557,0.1557,0.0,0.0,440.6127583333334,1659.5655237662609
2026-05-31 22:45:00,0.2491,0.1491,0.0,0.0,458.3210916666667,1665.046663515838
2026-05-31 22:50:00,0.2491,0.1491,0.0,0.0,472.1822,1752.2445163907294
2026-05-31 22:55:00,0.2491,0.1491,0.0,0.0,485.8280333333334,1791.0349519831925
2026-05-31 23:00:00,0.2565,0.1565,0.0,0.0,490.35184166666664,1702.1600473026733
2026-05-31 23:05:00,0.2565,0.1565,0.0,0.0,489.60184166666664,221.18606043592462
2026-05-31 23:10:00,0.2565,0.1565,0.0,0.0,492.10184166666664,226.8928913605247
2026-05-31 23:15:00,0.2523,0.1523,0.0,0.0,495.435175,249.6424467195278
2026-05-31 23:20:00,0.2523,0.1523,0.0,0.0,493.10184166666664,214.41504510943503
2026-05-31 23:25:00,0.2523,0.1523,0.0,0.0,479.1732666666667,272.68306676642743
2026-05-31 23:30:00,0.2483,0.1483,0.0,0.0,449.3607666666667,214.91450729524124
2026-05-31 23:35:00,0.2483,0.1483,0.0,0.0,426.6570666666667,176.965349121571
2026-05-31 23:40:00,0.2483,0.1483,0.0,0.0,407.81447499999996,190.57414951594012
2026-05-31 23:45:00,0.2457,0.1457,0.0,0.0,396.35614166666664,233.6167095993644
2026-05-31 23:50:00,0.2457,0.1457,0.0,0.0,383.8283666666666,166.3053273320905
2026-05-31 23:55:00,0.2457,0.1457,0.0,0.0,371.0158666666666,282.0751545355331
2026-06-01 00:00:00,0.2494,0.1493,0.0,0.0,364.34919999999994,162.9683200814839
2026-06-01 00:05:00,0.2494,0.1493,0.0,0.0,351.97419999999994,168.77397666568368
2026-06-01 00:10:00,0.2494,0.1493,0.0,0.0,339.1408666666667,206.72942670225518
2026-06-01 00:15:00,0.2401,0.1401,0.0,0.0,327.05753333333337,154.6429796972733
2026-06-01 00:20:00,0.2401,0.1401,0.0,0.0,314.1408666666667,259.50687193458646
2026-06-01 00:25:00,0.2401,0.1401,0.0,0.0,305.5694416666667,254.18359353816007
2026-06-01 00:30:00,0.2271,0.1271,0.0,0.0,310.277775,191.5110769034533
2026-06-01 00:35:00,0.2271,0.1271,0.0,0.0,309.027775,223.1501369569226
2026-06-01 00:40:00,0.2271,0.1271,0.0,0.0,306.13095,255.94208085438285
2026-06-01 00:45:00,0.2235,0.1235,0.0,0.0,300.53570833333333,199.3974943550877
2026-06-01 00:50:00,0.2235,0.1235,0.0,0.0,295.7579333333333,286.9256664468657
2026-06-01 00:55:00,0.2235,0.1235,0.0,0.0,295.7579333333333,283.9249253032958
2026-06-01 01:00:00,0.2465,0.1465,0.0,0.0,295.0287666666666,191.42167025020757
2026-06-01 01:05:00,0.2465,0.1465,0.0,0.0,298.43154166666665,200.55891838487418
2026-06-01 01:10:00,0.2465,0.1465,0.0,0.0,301.264875,198.10583739279392
2026-06-01 01:15:00,0.236,0.136,0.0,0.0,301.0267833333333,181.7831850696508
2026-06-01 01:20:00,0.236,0.136,0.0,0.0,299.2767833333333,268.6980435673131
2026-06-01 01:25:00,0.236,0.136,0.0,0.0,298.58234166666665,256.7050287431057
2026-06-01 01:30:00,0.2288,0.1288,0.0,0.0,296.9454333333333,182.30393021878285
2026-06-01 01:35:00,0.2288,0.1288,0.0,0.0,296.9454333333333,188.87699327726858
2026-06-01 01:40:00,0.2288,0.1288,0.0,0.0,298.52281666666664,293.546073006544
2026-06-01 01:45:00,0.227,0.127,0.0,0.0,295.57639166666667,170.47989001496117
2026-06-01 01:50:00,0.227,0.127,0.0,0.0,293.3541666666667,293.99407506014757
2026-06-01 01:55:00,0.227,0.127,0.0,0.0,287.1041666666667,262.3681968715098
2026-06-01 02:00:00,0.2255,0.1255,0.0,0.0,286.375,269.13501653853655
2026-06-01 02:05:00,0.2255,0.1255,0.0,0.0,287.347225,192.23718312710676
2026-06-01 02:10:00,0.2255,0.1255,0.0,0.0,287.76389166666667,172.5310855709784
2026-06-01 02:15:00,0.233,0.133,0.0,0.0,289.66865,266.50678952290866
2026-06-01 02:20:00,0.233,0.133,0.0,0.0,293.08531666666664,294.3487770254096
2026-06-01 02:25:00,0.233,0.133,0.0,0.0,295.02975833333335,197.9268943668767
2026-06-01 02:30:00,0.2316,0.1316,0.0,0.0,292.2916666666667,258.96297950714666
2026-06-01 02:35:00,0.2316,0.1316,0.0,0.0,287.84722500000004,202.4933811168059
2026-06-01 02:40:00,0.2316,0.1316,0.0,0.0,282.55555833333335,227.61464845830955
2026-06-01 02:45:00,0.2303,0.1303,0.0,0.0,279.01389166666667,165.78890427865466
2026-06-01 02:50:00,0.2303,0.1303,0.0,0.0,275.36805833333335,178.28893473498485
2026-06-01 02:55:00,0.2303,0.1303,0.0,0.0,272.24305833333335,268.34275291170775
2026-06-01 03:00:00,0.226,0.126,0.0,0.0,266.09722500000004,267.36099762670005
2026-06-01 03:05:00,0.226,0.126,0.0,0.0,256.93055833333335,155.6490084014923
2026-06-01 03:10:00,0.226,0.126,0.0,0.0,248.597225,221.71549017781052
2026-06-01 03:15:00,0.2268,0.1268,0.0,0.0,239.43055833333335,227.5810638396568
2026-06-01 03:20:00,0.2268,0.1268,0.0,0.0,235.81945,250.04192400305402
2026-06-01 03:25:00,0.2268,0.1268,0.0,0.0,234.98611666666667,254.9120510672046
2026-06-01 03:30:00,0.2207,0.1207,0.0,0.0,238.98611666666667,197.1362074486731
2026-06-01 03:35:00,0.2207,0.1207,0.0,0.0,243.43055833333332,279.65679429996226
2026-06-01 03:40:00,0.2207,0.1207,0.0,0.0,245.04166666666666,196.932682055672
2026-06-01 03:45:00,0.2187,0.1187,0.0,0.0,247.125,221.41856168252147
2026-06-01 03:50:00,0.2187,0.1187,0.0,0.0,252.125,153.02144836449006
2026-06-01 03:55:00,0.2187,0.1187,0.0,0.0,256.77777499999996,178.44769618374985
2026-06-01 04:00:00,0.2249,0.1249,0.0,0.0,259.21527499999996,297.27171318750254
2026-06-01 04:05:00,0.2249,0.1249,0.0,0.0,262.04860833333333,161.7417906426716
2026-06-01 04:10:00,0.2249,0.1249,0.0,0.0,265.38194166666665,188.4673678902194
2026-06-01 04:15:00,0.2234,0.1234,0.0,0.0,270.71527499999996,208.8090342625399
2026-06-01 04:20:00,0.2234,0.1234,0.0,0.0,270.90971666666667,184.34791337055654
2026-06-01 04:25:00,0.2234,0.1234,0.0,0.0,270.07638333333335,240.9998405100253
2026-06-01 04:30:00,0.2252,0.1252,0.0,0.0,273.8541583333334,208.59948124052605
2026-06-01 04:35:00,0.2252,0.1252,0.0,0.0,276.5624916666667,151.247670973686
2026-06-01 04:40:00,0.2252,0.1252,0.0,0.0,282.53471666666667,233.2136916210269
2026-06-01 04:45:00,0.2254,0.1254,0.0,0.0,287.86805,200.7241053085041
2026-06-01 04:50:00,0.2254,0.1254,0.0,0.0,286.93055,155.99373825077626
2026-06-01 04:55:00,0.2254,0.1254,0.0,0.0,284.5694416666667,196.3083697678685
2026-06-01 05:00:00,0.227,0.127,0.0,0.0,283.34721666666667,152.0045355542927
2026-06-01 05:05:00,0.227,0.127,0.0,0.0,281.76388333333335,234.4692767202769
2026-06-01 05:10:00,0.227,0.127,0.0,0.0,280.09721666666667,162.98139470783863
2026-06-01 05:15:00,0.2303,0.1303,0.0,0.0,276.01388333333335,156.65026304594915
2026-06-01 05:20:00,0.2303,0.1303,0.0,0.0,273.73610833333333,251.44329722608916
2026-06-01 05:25:00,0.2303,0.1303,0.0,0.0,268.98610833333333,165.8128131110808
2026-06-01 05:30:00,0.2345,0.1345,0.0,20.2424,254.125,292.7154624726368
2026-06-01 05:35:00,0.2345,0.1345,47.3546,22.3939,240.16666666666666,181.89691544926666
2026-06-01 05:40:00,0.2345,0.1345,95.4017,24.5455,224.75,243.87355829874505
2026-06-01 05:45:00,0.2286,0.1286,143.3138,26.697,213.08333333333334,206.82000937340928
2026-06-01 05:50:00,0.2286,0.1286,191.0669,28.8485,204.83333333333334,162.97404408235786
2026-06-01 05:55:00,0.2286,0.1286,238.637,31.0,198.375,239.96418621623124
2026-06-01 06:00:00,0.2296,0.1296,286.0,82.75,193.65278333333333,270.6820428047824
2026-06-01 06:05:00,0.2296,0.1296,332.7337,96.1111,184.54564166666668,167.53281848161097
2026-06-01 06:10:00,0.2296,0.1296,378.6,129.2222,175.24008333333333,162.07355569623624
2026-06-01 06:15:00,0.2429,0.1429,423.8508,167.625,166.90675000000002,168.1013326220514
2026-06-01 06:20:00,0.2429,0.1429,468.7383,229.375,156.85119166666667,244.6618690086789
2026-06-01 06:25:00,0.2429,0.1429,513.5144,315.6667,151.60119166666667,276.45142506708146
2026-06-01 06:30:00,0.2462,0.1462,558.4312,367.0,150.49008333333333,225.4362157296623
2026-06-01 06:35:00,0.2462,0.1462,603.7407,455.6,148.15675000000002,297.85970702672216
2026-06-01 06:40:00,0.2462,0.1462,649.6949,588.1667,146.966275,207.6371577165909
2026-06-01 06:45:00,0.2494,0.1493,696.5459,475.5,142.466275,234.7239895535355
2026-06-01 06:50:00,0.2494,0.1493,744.5458,500.6667,138.29960833333334,234.81450369543003
2026-06-01 06:55:00,0.2494,0.1493,793.9464,612.75,135.3135,162.14059313724414
2026-06-01 07:00:00,0.2494,0.1493,845.0,692.8,136.25794166666665,224.60092413589797
2026-06-01 07:05:00,0.2494,0.1493,897.7258,783.3333,139.94841666666665,193.64496801289636
2026-06-01 07:10:00,0.2494,0.1493,951.904,775.2222,164.105825,160.23835332495253
2026-06-01 07:15:00,0.2494,0.1493,1007.4273,933.7,165.25165833333332,197.81661289221273
2026-06-01 07:20:00,0.2494,0.1493,1064.1887,1018.7778,166.93915833333332,273.89797244722195
2026-06-01 07:25:00,0.2494,0.1493,1122.0811,922.3333,166.56415833333332,193.976248486382
2026-06-01 07:30:00,0.24,0.14,1180.9974,840.0,170.29193333333333,1778.3298865153808
2026-06-01 07:35:00,0.24,0.14,1240.8305,930.2,171.27110000000002,1684.8454161551126
2026-06-01 07:40:00,0.24,0.14,1301.4733,893.1111,170.98009166666668,1673.6891458533698
2026-06-01 07:45:00,0.2329,0.1329,1362.8188,791.2222,215.58194166666667,1705.285213276404
2026-06-01 07:50:00,0.2329,0.1329,1424.7598,943.75,214.3412,1654.9590383487885
2026-06-01 07:55:00,0.2329,0.1329,1487.1892,928.8571,212.95230833333332,1768.350085995698
2026-06-01 08:00:00,0.236,0.136,1550.0,986.0,206.63749166666665,1703.934174246424
2026-06-01 08:05:00,0.236,0.136,1614.0572,923.3,199.970825,1696.71328943216
2026-06-01 08:10:00,0.236,0.136,1680.0478,1046.5,182.2543916666667,1749.0387367730445
2026-06-01 08:15:00,0.2301,0.1301,1747.5977,1293.4444,184.85855833333335,1790.0712510729716
2026-06-01 08:20:00,0.2301,0.1301,1816.333,1479.1,188.087725,1667.9598993422119
2026-06-01 08:25:00,0.2301,0.1301,1885.8796,1737.5714,195.17569166666667,1728.9316262910322
2026-06-01 08:30:00,0.2187,0.1187,1955.8633,1966.7,194.17939166666665,1745.902586449537
2026-06-01 08:35:00,0.2187,0.1187,2025.9102,2092.2,196.26272499999996,263.4804408879701
2026-06-01 08:40:00,0.2187,0.1187,2095.6462,2131.4444,199.41087500000003,239.35708283725302
2026-06-01 08:45:00,0.22,0.12,2164.6972,2047.9,158.03819166666668,158.54661151366295
2026-06-01 08:50:00,0.22,0.12,2232.6892,2189.0,160.90856666666664,255.97090097671662
2026-06-01 08:55:00,0.22,0.12,2299.2482,2281.8,163.36226666666667,190.3018793754269
2026-06-01 09:00:00,0.2228,0.1228,2364.0,2261.7778,164.21875,231.770926599674
2026-06-01 09:05:00,0.2228,0.1228,2429.2107,2175.7,159.86458333333334,279.2405808425002
2026-06-01 09:10:00,0.2228,0.1228,2496.7447,2446.6,154.70694166666667,228.7518234633919
2026-06-01 09:15:00,0.2187,0.1171,2565.6253,2592.3333,154.28471666666667,170.87539247891596
2026-06-01 09:20:00,0.2187,0.1171,2634.8758,2661.1,144.999,189.04569729137975
2026-06-01 09:25:00,0.2187,0.1171,2703.5196,1783.8,141.03603333333334,223.8109613497686
2026-06-01 09:30:00,0.2293,0.1219,2770.5801,2705.1111,141.03603333333334,158.7634537051982
2026-06-01 09:35:00,0.2293,0.1219,2835.0805,2966.8,141.86936666666665,287.28151889072836
2026-06-01 09:40:00,0.2293,0.1219,2896.0443,3047.9,143.07306666666668,181.9629928555515
2026-06-01 09:45:00,0.2208,0.1164,2952.4948,3129.0,139.10315833333334,202.92201242720103
2026-06-01 09:50:00,0.2208,0.1164,3003.4554,3274.1,135.30685833333334,261.7614658766817
2026-06-01 09:55:00,0.2208,0.1164,3047.9493,3355.9,131.43649166666668,228.657614811411
2026-06-01 10:00:00,0.2275,0.1165,3085.0,3446.375,129.769825,263.04263180828025
2026-06-01 10:05:00,0.2275,0.1165,3117.9927,3530.2,131.65934166666668,256.3872825487307
2026-06-01 10:10:00,0.2275,0.1165,3150.6571,3453.8,132.36294166666667,189.83387800013955
2026-06-01 10:15:00,0.2232,0.0982,3182.5329,3290.2222,130.42579166666667,184.0277727679176
2026-06-01 10:20:00,0.2232,0.0982,3213.1599,2828.9,136.65758333333332,281.7145403471387
2026-06-01 10:25:00,0.2232,0.0982,3242.0781,1985.9,137.17320833333332,190.87110201949645
2026-06-01 10:30:00,0.2214,0.0937,3268.8271,1755.2222,138.91068333333334,162.047458309737
2026-06-01 10:35:00,0.2214,0.0937,3292.9468,1573.7778,145.65374166666666,295.58352585640114
2026-06-01 10:40:00,0.2214,0.0937,3313.9771,1152.1,150.3373,252.62615909545767
2026-06-01 10:45:00,0.2099,0.0776,3331.4578,1550.7778,158.80353333333332,248.53266473059585
2026-06-01 10:50:00,0.2099,0.0776,3344.9286,2571.8,175.9257583333333,204.21599790603372
2026-06-01 10:55:00,0.2099,0.0776,3353.9294,4516.7,180.6757583333333,215.79145795634372
2026-06-01 11:00:00,0.2124,0.083,3358.0,4104.8889,181.71742499999996,220.57416471736178
2026-06-01 11:05:00,0.2124,0.083,3359.3085,1711.6667,186.68207500000003,205.4743614464561
2026-06-01 11:10:00,0.2124,0.083,3360.3606,1491.5556,184.55625833333332,250.9891481971923
2026-06-01 11:15:00,0.2192,0.1064,3361.2028,2087.3,183.24896666666666,191.07718423518548
2026-06-01 11:20:00,0.2192,0.1064,3361.8816,2726.4444,180.46955833333334,174.3351779156282
2026-06-01 11:25:00,0.2192,0.1064,3362.4433,1345.8,174.39143333333334,159.8089601029676
2026-06-01 11:30:00,0.2147,0.0808,3362.9344,1322.9,166.97109166666667,1744.0779136817587
2026-06-01 11:35:00,0.2147,0.0808,3363.4015,4586.8889,156.68636666666666,1699.9598783727965
2026-06-01 11:40:00,0.2147,0.0808,3363.8908,3643.5,149.78059166666668,1762.3989613155134
2026-06-01 11:45:00,0.199,0.0704,3364.4489,2125.1,141.1176,1790.330588155192
2026-06-01 11:50:00,0.199,0.0704,3365.1221,3945.2222,128.53240833333334,1706.5959739372972
2026-06-01 11:55:00,0.199,0.0704,3365.957,2565.5,128.71098333333333,1752.0689737669293
2026-06-01 12:00:00,0.17,0.0625,3367.0,1365.5,132.56515,4292.162456967406
2026-06-01 12:05:00,0.17,0.0625,3368.5868,2701.8889,137.04431666666667,4276.964465674826
2026-06-01 12:10:00,0.17,0.0625,3370.9109,1928.9,137.024475,4298.948780166719
2026-06-01 12:15:00,0.16,0.0526,3373.8055,1520.5,135.85780833333334,4285.1281016419
2026-06-01 12:20:00,0.16,0.0526,3377.1037,1162.7778,136.086975,4243.753422444652
2026-06-01 12:25:00,0.16,0.0526,3380.6387,875.6,138.00780833333332,4247.19909870049
2026-06-01 12:30:00,0.159,0.0454,3384.2438,488.3,140.56105,4195.274335065134
2026-06-01 12:35:00,0.159,0.0454,3387.7519,394.8889,141.58188333333334,4272.328884040485
2026-06-01 12:40:00,0.159,0.0454,3390.9963,476.2222,140.65595833333333,4272.290944740228
2026-06-01 12:45:00,0.159,0.053,3393.8102,528.3333,143.260125,4286.086951717303
2026-06-01 12:50:00,0.159,0.053,3396.0266,470.5714,143.16753333333335,4151.555973061074
2026-06-01 12:55:00,0.159,0.053,3397.4788,517.8571,142.57229166666667,4293.244524410302
2026-06-01 13:00:00,0.16,0.0534,3398.0,457.5,141.42645833333333,4196.588448381521
2026-06-01 13:05:00,0.16,0.0534,3395.3868,526.0,145.01210833333334,1654.2556801742876
2026-06-01 13:10:00,0.16,0.0534,3387.9445,758.0,159.17639166666666,1779.193381858127
2026-06-01 13:15:00,0.16,0.0501,3376.269,786.0,181.16713333333334,1676.5494807310095
2026-06-01 13:20:00,0.16,0.0501,3360.9559,903.875,201.92870833333333,1655.1453707350142
2026-06-01 13:25:00,0.16,0.0501,3342.6011,1000.4444,217.08704166666666,1719.4420188687955
2026-06-01 13:30:00,0.16,0.0502,3321.8005,921.0,246.45740833333332,1729.936107179066
2026-06-01 13:35:00,0.16,0.0502,3299.1499,804.75,274.199075,213.83101642406098
2026-06-01 13:40:00,0.16,0.0502,3275.2451,714.0,309.8935166666667,216.15415026546725
2026-06-01 13:45:00,0.16,0.0502,3250.6819,583.6667,336.1712916666667,290.8629499632394
2026-06-01 13:50:00,0.16,0.0502,3226.0561,1167.8889,352.66018333333335,253.07857934537253
2026-06-01 13:55:00,0.16,0.0502,3201.9635,1679.1111,382.16018333333335,183.00652788821589
2026-06-01 14:00:00,0.176,0.0585,3179.0,1875.1,384.34074166666664,181.1593197760339
2026-06-01 14:05:00,0.176,0.0585,3156.2406,1272.2,377.4675916666667,279.6016125972865
2026-06-01 14:10:00,0.176,0.0585,3132.3807,948.2222,367.0925916666666,249.67942268655742
2026-06-01 14:15:00,0.1855,0.0646,3107.4463,891.8,377.1944416666667,175.55855452817497
2026-06-01 14:20:00,0.1855,0.0646,3081.4635,1713.3,370.4037,293.82312918872685
2026-06-01 14:25:00,0.1855,0.0646,3054.4587,3299.2222,362.86851666666666,210.23910046038063
2026-06-01 14:30:00,0.185,0.0684,3026.4578,1973.3,339.7157416666667,227.97416166877628
2026-06-01 14:35:00,0.185,0.0684,2997.487,1123.5556,315.68240833333334,236.94703187733214
2026-06-01 14:40:00,0.185,0.0684,2967.5725,2944.2222,282.399075,282.63999524738375
2026-06-01 14:45:00,0.1868,0.0674,2936.7404,3212.6,257.27407500000004,167.16480602959533
2026-06-01 14:50:00,0.1868,0.0674,2905.0168,2767.6,240.17407500000002,200.2053396078864
2026-06-01 14:55:00,0.1868,0.0674,2872.428,2669.8889,209.40555833333335,251.65034312647794
2026-06-01 15:00:00,0.1852,0.0557,2839.0,1924.3,205.625,269.4248146070976
2026-06-01 15:05:00,0.1852,0.0557,2804.1785,2155.0,204.03750000000002,253.80978111697962
2026-06-01 15:10:00,0.1852,0.0557,2767.5016,2929.0,201.89583333333334,253.06050884466123
2026-06-01 15:15:00,0.1868,0.0558,2729.1344,1124.7,172.586575,158.9821019543897
2026-06-01 15:20:00,0.1868,0.0558,2689.242,839.7778,169.9838,183.7681006414134
2026-06-01 15:25:00,0.1868,0.0558,2647.9894,982.0,171.10648333333333,264.3679461837663
2026-06-01 15:30:00,0.2014,0.0653,2605.5417,941.2222,174.36481666666666,219.82597699576195
2026-06-01 15:35:00,0.2014,0.0653,2562.0639,990.3,192.46481666666668,156.52401737635392
2026-06-01 15:40:00,0.2014,0.0653,2517.721,422.625,201.52315,215.78963953544806
2026-06-01 15:45:00,0.2121,0.072,2472.6781,279.6667,209.470375,290.79759740063935
2026-06-01 15:50:00,0.2121,0.072,2427.1003,511.8889,216.5814833333333,159.29904781332942
2026-06-01 15:55:00,0.2121,0.072,2381.1526,710.2857,216.85925833333332,190.98513997522147
2026-06-01 16:00:00,0.1835,0.0701,2335.0,617.4286,218.04259166666665,218.00735085894343
2026-06-01 16:05:00,0.1835,0.0701,2288.0763,509.0,219.6467583333333,231.92289207499027
2026-06-01 16:10:00,0.1835,0.0701,2239.813,320.7143,219.0217583333333,206.3680357901444
2026-06-01 16:15:00,0.199,0.0881,2190.3712,361.4,218.98842499999998,224.76213218023386
2026-06-01 16:20:00,0.199,0.0881,2139.9126,301.4286,212.1620333333333,246.31338509006488
2026-06-01 16:25:00,0.199,0.0881,2088.5983,386.5714,204.68286666666665,189.44174028266588
2026-06-01 16:30:00,0.2154,0.1153,2036.5899,397.6667,196.93286666666668,221.45084449509014
2026-06-01 16:35:00,0.2154,0.1153,1984.0488,269.375,176.79953333333333,170.4953417608457
2026-06-01 16:40:00,0.2154,0.1153,1931.1362,48.7143,168.94953333333333,286.46006843587725
2026-06-01 16:45:00,0.2262,0.1262,1878.0137,59.3929,171.4745333333333,249.04300622624837
2026-06-01 16:50:00,0.2262,0.1262,1824.8425,70.0714,176.488425,255.68454252713155
2026-06-01 16:55:00,0.2262,0.1262,1771.7842,80.75,185.05208333333334,204.87178534085854
2026-06-01 17:00:00,0.2095,0.1095,1719.0,91.4286,191.04375000000002,160.78655241607356
2026-06-01 17:05:00,0.2095,0.1095,1665.8911,49.5714,194.02985833333332,203.365303847909
2026-06-01 17:10:00,0.2095,0.1095,1611.8985,39.1786,198.0631916666667,236.27198392562366
2026-06-01 17:15:00,0.2214,0.1214,1557.2432,28.7857,198.41319166666668,162.76551856012435
2026-06-01 17:20:00,0.2214,0.1214,1502.1462,0.0,197.9006916666667,294.5957944458304
2026-06-01 17:25:00,0.2214,0.1214,1446.8287,0.0,205.66458333333335,269.11919285531224
2026-06-01 17:30:00,0.2395,0.1395,1391.5117,80.8889,211.80624999999998,282.17905239046434
2026-06-01 17:35:00,0.2395,0.1395,1336.4163,142.4444,214.228475,198.3852057605987
2026-06-01 17:40:00,0.2395,0.1395,1281.7635,162.4,213.58124999999998,162.9391814346154
2026-06-01 17:45:00,0.25,0.1498,1227.7744,108.5,205.98958333333334,270.9379056519132
2026-06-01 17:50:00,0.25,0.1498,1174.6701,51.0,197.73125000000002,170.16654629127163
2026-06-01 17:55:00,0.25,0.1498,1122.6716,36.8333,195.22315,266.19540837555957
2026-06-01 18:00:00,0.2156,0.1156,1072.0,39.5,195.84815,251.30509815973198
2026-06-01 18:05:00,0.2156,0.1156,1021.8807,66.1667,200.15370833333336,235.62861557809953
2026-06-01 18:10:00,0.2156,0.1156,971.5628,56.0,202.941675,156.96523766565966
2026-06-01 18:15:00,0.225,0.125,921.3035,38.7143,206.57500833333333,211.87145436005036
2026-06-01 18:20:00,0.225,0.125,871.3596,38.6,208.25000833333334,187.86642001912907
2026-06-01 18:25:00,0.225,0.125,821.988,25.7143,207.18519166666667,234.83272298395767
2026-06-01 18:30:00,0.2478,0.1478,773.4459,26.7106,224.891675,184.50224855185823
2026-06-01 18:35:00,0.2478,0.1478,725.9901,27.707,334.83611666666667,262.83973374030506
2026-06-01 18:40:00,0.2478,0.1478,679.8776,28.7033,496.67870833333336,219.6305175937891
2026-06-01 18:45:00,0.2519,0.1519,635.3654,29.6996,720.8953750000001,233.34857351835927
2026-06-01 18:50:00,0.2519,0.1519,592.7104,30.696,1005.6953750000001,201.40257175058687
2026-06-01 18:55:00,0.2519,0.1519,552.1696,31.6923,1311.7734166666667,190.03768564989005
2026-06-01 19:00:00,0.2494,0.1493,514.0,32.6886,1532.1613833333333,1740.0308637217513
2026-06-01 19:05:00,0.2494,0.1493,477.5266,33.685,1539.9709083333335,1795.180271602685
2026-06-01 19:10:00,0.2494,0.1493,441.9399,34.6813,1552.841275,1732.8497115894215
2026-06-01 19:15:00,0.2542,0.1542,407.2952,35.6777,1567.6079416666669,1665.497955570785
2026-06-01 19:20:00,0.2542,0.1542,373.6478,36.674,1583.4246083333335,1655.2611113275216
2026-06-01 19:25:00,0.2542,0.1542,341.0528,37.6703,1637.183866666667,1700.4701645567416
2026-06-01 19:30:00,0.2557,0.1557,309.5657,38.6667,1684.5773833333333,4755.464127747991
2026-06-01 19:35:00,0.2557,0.1557,279.2415,128.5,1725.7232166666665,4753.767223138668
2026-06-01 19:40:00,0.2557,0.1557,250.1357,109.25,1714.332016666667,4670.904943510355
2026-06-01 19:45:00,0.2725,0.1725,222.3033,0.0,1560.262575,4703.453028513539
2026-06-01 19:50:00,0.2725,0.1725,195.7998,0.0,1285.6792416666667,4678.228528131841
2026-06-01 19:55:00,0.2725,0.1725,170.6802,0.0,987.4530500000001,4761.555732403324
2026-06-01 20:00:00,0.2596,0.1596,147.0,0.0,791.8546666666667,4774.1764085020095
2026-06-01 20:05:00,0.2596,0.1596,124.5227,0.0,811.4155083333334,4784.57009355454
2026-06-01 20:10:00,0.2596,0.1596,103.0103,0.0,807.0636583333335,4752.185081235309
2026-06-01 20:15:00,0.262,0.162,82.515,0.0,809.7719916666668,4672.182334526533
2026-06-01 20:20:00,0.262,0.162,63.0894,0.0,811.3553250000001,4665.667085705556
2026-06-01 20:25:00,0.262,0.162,44.786,0.0,780.3368083333335,4679.984789655548
2026-06-01 20:30:00,0.2748,0.1748,27.6571,0.0,735.3136583333335,4737.2047035116175
2026-06-01 20:35:00,0.2748,0.1748,0.0,0.0,602.230325,1787.8145405351108
2026-06-01 20:40:00,0.2748,0.1748,0.0,0.0,468.2511583333333,1734.0919555182886
2026-06-01 20:45:00,0.2748,0.1748,0.0,0.0,408.5150416666667,1783.3043850793674
2026-06-01 20:50:00,0.2748,0.1748,0.0,0.0,408.5150416666667,1692.8715648549467
2026-06-01 20:55:00,0.2748,0.1748,0.0,0.0,407.2650416666667,1673.8278420431536
2026-06-01 21:00:00,0.2725,0.1725,0.0,0.0,388.56712500000003,1704.9245471485417
2026-06-01 21:05:00,0.2725,0.1725,0.0,0.0,368.8078666666667,224.18847911783755
2026-06-01 21:10:00,0.2725,0.1725,0.0,0.0,374.6597166666667,242.1083855037333
2026-06-01 21:15:00,0.268,0.168,0.0,0.0,372.7847166666667,202.93368617070936
2026-06-01 21:20:00,0.268,0.168,0.0,0.0,374.31249166666663,162.0034490569115
2026-06-01 21:25:00,0.268,0.168,0.0,0.0,356.997675,270.17544260518207
2026-06-01 21:30:00,0.2607,0.1607,0.0,0.0,341.9791583333333,1732.8261596455886
2026-06-01 21:35:00,0.2607,0.1607,0.0,0.0,340.833325,1779.2549879910994
2026-06-01 21:40:00,0.2607,0.1607,0.0,0.0,338.7499916666667,1708.7529053593296
2026-06-01 21:45:00,0.2587,0.1587,0.0,0.0,343.4722166666666,1695.8734499296513
2026-06-01 21:50:00,0.2587,0.1587,0.0,0.0,347.8472166666666,1768.7841861009342
2026-06-01 21:55:00,0.2587,0.1587,0.0,0.0,348.32340833333336,1777.2612041345046
2026-06-01 22:00:00,0.2623,0.1623,0.0,0.0,349.0972166666666,1678.0110464211655
2026-06-01 22:05:00,0.2623,0.1623,0.0,0.0,350.625,1686.4567750214487
2026-06-01 22:10:00,0.2623,0.1623,0.0,0.0,463.64880833333336,1662.8084251722585
2026-06-01 22:15:00,0.2694,0.1694,0.0,0.0,457.81547500000005,1738.0440378460141
2026-06-01 22:20:00,0.2694,0.1694,0.0,0.0,446.28770000000003,1799.0433713294483
2026-06-01 22:25:00,0.2694,0.1694,0.0,0.0,444.87103333333334,1722.7509672231997
2026-06-01 22:30:00,0.2741,0.1741,0.0,0.0,444.28770000000003,1762.7448101845814
2026-06-01 22:35:00,0.2741,0.1741,0.0,0.0,431.92659166666664,1671.599899474707
2026-06-01 22:40:00,0.2741,0.1741,0.0,0.0,429.009925,1669.418504986005
2026-06-01 22:45:00,0.2542,0.1542,0.0,0.0,424.42659166666664,1662.3475424503495
2026-06-01 22:50:00,0.2542,0.1542,0.0,0.0,424.07936666666666,1687.7509371727515
2026-06-01 22:55:00,0.2542,0.1542,0.0,0.0,429.4365083333334,1701.8944467422207
2026-06-01 23:00:00,0.2651,0.1651,0.0,0.0,427.57936666666666,1753.6829247358146
2026-06-01 23:05:00,0.2651,0.1651,0.0,0.0,428.82936666666666,259.4515943193202
2026-06-01 23:10:00,0.2651,0.1651,0.0,0.0,307.36111666666665,184.04451773849814
2026-06-01 23:15:00,0.2562,0.1562,0.0,0.0,304.86111666666665,219.8655943684821
2026-06-01 23:20:00,0.2562,0.1562,0.0,0.0,305.27778333333333,223.56661378509426
2026-06-01 23:25:00,0.2562,0.1562,0.0,0.0,305.80159166666664,260.8374883446675
2026-06-01 23:30:00,0.2511,0.1511,0.0,0.0,304.9682583333333,217.68486756471333
2026-06-01 23:35:00,0.2511,0.1511,0.0,0.0,311.1774909090909,256.73075732897803
2026-06-01 23:40:00,0.2511,0.1511,0.0,0.0,312.29524000000004,195.59055604803433
2026-06-01 23:45:00,0.2462,0.1462,0.0,0.0,311.99471111111114,219.71511256119197
2026-06-01 23:50:00,0.2462,0.1462,0.0,0.0,305.5773875,159.14614412037352
2026-06-01 23:55:00,0.2462,0.1462,0.0,0.0,296.37415714285714,181.10964354680655
